Date,Open,High,Low,Close,Adj Close,Volume
24-06-2015,553,553,541.150024,545.299988,491.161774,3296386
25-06-2015,544,545.450012,528,529.799988,477.200653,5294305
26-06-2015,528.849976,535.799988,520.049988,521.799988,469.994904,3503690
29-06-2015,515,517.599976,467.100006,483.350006,435.362274,11484481
30-06-2015,475,491.700012,472,477.799988,430.363281,12372399
01-07-2015,476.649994,488.350006,475.799988,486.149994,437.884277,4380793
02-07-2015,489,489.899994,477.350006,479.299988,431.714355,2751848
03-07-2015,480,482,469,471.600006,424.778839,2800735
06-07-2015,465,469.649994,458.5,464.549988,418.428741,2655385
07-07-2015,465,476.700012,464.549988,471.399994,424.598694,2972045
08-07-2015,469.799988,472.75,460.299988,470.299988,423.60788,3449261
09-07-2015,474,478.899994,471.100006,474.299988,427.210724,2410385
10-07-2015,478,478,469,474,426.940552,1847909
13-07-2015,474.049988,477,469.600006,475.799988,428.561859,2244361
14-07-2015,478.950012,481,475,476.899994,429.552643,2094711
15-07-2015,478,485,477.549988,479.950012,432.299835,1691337
16-07-2015,483.399994,495.75,480.200012,491.799988,442.973358,2547683
17-07-2015,493.950012,505.799988,493,502.149994,452.295776,5006283
20-07-2015,502.5,504.200012,491.350006,500.799988,451.079803,3004605
21-07-2015,502.899994,520.5,499.75,509.399994,458.825989,3506058
22-07-2015,510.5,513.450012,497.700012,510.149994,459.501495,2086049
23-07-2015,506.899994,512.299988,499,500.049988,455.764648,2670981
24-07-2015,498.5,514.950012,495,511.049988,465.790436,2285622
27-07-2015,511,525,508.100006,519.549988,473.537689,4208795
28-07-2015,522,529.700012,517.700012,523.549988,477.183411,6316959
29-07-2015,523.950012,529,522.599976,525.549988,479.006287,2061983
30-07-2015,529,532.799988,519.400024,524.349976,477.912537,6558111
31-07-2015,527.900024,532,525.450012,530.700012,483.700226,1229591
03-08-2015,529,533.5,521.5,523.599976,477.228973,811778
04-08-2015,525,549,524.150024,542.049988,494.045044,2145670
05-08-2015,543.900024,558.799988,542,550.599976,501.83783,2640419
06-08-2015,556,557.049988,531.099976,533.900024,486.616852,1547635
07-08-2015,534.799988,545.400024,531.450012,535.150024,487.756073,1367440
10-08-2015,536.450012,542.150024,526.849976,530.950012,483.928101,600681
11-08-2015,532.299988,545,531,540.650024,492.769104,1434009
12-08-2015,545,559.25,536.150024,557.549988,508.172302,3674098
13-08-2015,557,567.5,543.5,551.299988,502.475861,2714434
14-08-2015,546,562.200012,538,555.049988,505.893707,2257748
17-08-2015,559.900024,564.700012,549,551.900024,503.022736,2144457
18-08-2015,552,564,552,562.450012,512.638428,2130201
19-08-2015,565.299988,565.299988,557.049988,560.299988,510.678741,1599058
20-08-2015,575,575.75,555.099976,558.900024,509.402771,2873282
21-08-2015,554.599976,569.150024,545.049988,563.049988,513.185242,1329500
24-08-2015,549,557.849976,519.549988,523.650024,477.274536,3422600
25-08-2015,530,543.5,492.700012,528,481.239349,3057676
26-08-2015,530,532.950012,505,507.299988,462.372559,2169411
27-08-2015,513.5,528,513.5,519.549988,473.537689,2967588
28-08-2015,526,529.450012,512,516.299988,470.5755,1642669
31-08-2015,516.400024,525,512,515,469.390625,2104443
01-09-2015,510,523.5,506.100006,512.299988,466.929749,1340532
02-09-2015,519,539.900024,514.200012,536,488.530823,2308033
03-09-2015,542,552.700012,528.049988,540.400024,492.541199,2220020
04-09-2015,540,547.549988,526.099976,529.299988,482.424255,1438221
07-09-2015,529,541.150024,520,538,490.353668,1222028
08-09-2015,538,543.849976,531,537.200012,489.624603,1074692
09-09-2015,547.700012,547.700012,530.799988,533.400024,486.161102,1271196
10-09-2015,532,537.5,525.599976,533.799988,486.525604,929833
11-09-2015,533,539.549988,522,525.049988,478.550568,873940
14-09-2015,526,529.5,516.049988,525.799988,479.234161,1784462
15-09-2015,528.900024,543.400024,527.549988,540.900024,492.996887,1366805
16-09-2015,543.75,547.700012,540.700012,544.150024,495.959015,722804
18-09-2015,545.25,564.349976,545.25,561.5,511.772491,1907266
21-09-2015,553,578.900024,549,567.5,517.241089,995389
22-09-2015,573.799988,577.5,553.349976,557.799988,508.400208,1172885
23-09-2015,551,561,540.549988,556.099976,506.850739,943910
24-09-2015,560,570,549.950012,567.349976,517.104309,1226153
28-09-2015,573.349976,582,570.200012,573.400024,522.618652,1603999
29-09-2015,572.450012,576.099976,562.599976,570.400024,519.884399,1765081
30-09-2015,575.700012,575.700012,553.200012,557.349976,507.990051,2795413
01-10-2015,558.700012,566.5,537.049988,563,513.139648,2014882
05-10-2015,564.5,575,561.099976,569.900024,519.428589,2111594
06-10-2015,575,578.849976,558,564.75,514.734619,1834106
07-10-2015,566.150024,569.650024,560.599976,566.299988,516.147339,1150506
08-10-2015,570,572.799988,560.400024,563,513.139648,1534024
09-10-2015,561.799988,568,556.200012,561.200012,511.499115,1124964
12-10-2015,562.599976,570,558,562.75,512.911865,758836
13-10-2015,562,564.849976,555.25,561,511.316772,639491
14-10-2015,559,564.349976,545.200012,548.049988,499.513641,950851
15-10-2015,549.400024,555,539.75,545.299988,497.007172,1833925
16-10-2015,550,551.5,543.25,545.799988,497.462921,1934451
19-10-2015,545.799988,560,534.099976,541.599976,493.634888,1446786
20-10-2015,544.900024,550.299988,541,548.099976,499.559235,1060182
21-10-2015,548,549.200012,535.5,539.450012,491.675323,1566054
23-10-2015,542.5,547,539,540.099976,492.26767,1229160
26-10-2015,540.099976,545,539.599976,542.650024,494.591919,814364
27-10-2015,543.299988,544.25,536.099976,538.799988,491.082855,839550
28-10-2015,536.700012,554,536.5,549.549988,500.880859,1731286
29-10-2015,550,556.549988,545.150024,549,500.379547,3049427
30-10-2015,549,550.25,537.099976,539.150024,491.401917,879393
02-11-2015,541,557.5,532.450012,556.049988,506.805176,1862983
03-11-2015,558.299988,563,548.5,556.75,507.443176,1884815
04-11-2015,568,568.5,540.099976,542.900024,494.819824,3424936
05-11-2015,545.5,546.950012,532.950012,534.950012,487.573853,1057337
06-11-2015,537,537.349976,526.150024,533.450012,486.206635,1218451
09-11-2015,524,534.849976,519.049988,532.400024,485.249695,2136740
10-11-2015,532.400024,532.950012,523.549988,524.950012,478.459442,860680
13-11-2015,520,525.549988,518,520.049988,473.993408,860928
16-11-2015,518,518.549988,508,515.950012,470.2565,1347660
17-11-2015,516.049988,527.75,516.049988,523.5,477.137817,2175347
18-11-2015,523.5,530.400024,515,516.700012,470.940094,892774
19-11-2015,521.5,535.799988,520,534.400024,487.07254,1214934
20-11-2015,534.950012,540,531,534.900024,487.528229,1126241
23-11-2015,536,544.75,535.099976,539,491.265167,839938
24-11-2015,535.099976,543.75,532.450012,537.549988,489.943573,985303
26-11-2015,538,544,527.049988,529.599976,482.697632,3051131
27-11-2015,529.900024,536.849976,528.5,534.299988,486.981354,772320
30-11-2015,534.900024,541.200012,530,533.450012,486.206635,2080681
01-12-2015,533,543.099976,533,542.150024,494.1362,1079295
02-12-2015,543,545.599976,537.150024,540,492.176636,715680
03-12-2015,539.599976,544.5,536,542.599976,494.546356,852540
04-12-2015,539.950012,544.599976,534,536.349976,488.849823,938866
07-12-2015,536,546.5,535.150024,544.650024,496.414764,788606
08-12-2015,544.950012,546,528.599976,530.700012,483.700226,1061492
09-12-2015,531,537.5,525.099976,527.349976,480.646912,1223560
10-12-2015,530.400024,540.5,523.799988,538.75,491.037323,702931
11-12-2015,540,543.900024,535.099976,536.950012,489.396667,926348
14-12-2015,527,545,527,543.650024,495.503326,773988
15-12-2015,548,548,516.599976,519.950012,473.902283,2697637
16-12-2015,522.549988,531,520.099976,523.349976,477.001099,1399927
17-12-2015,525.5,532.150024,520.599976,530,483.062225,2067366
18-12-2015,525.700012,528,521.5,523.25,476.909943,1534964
21-12-2015,519.400024,524.400024,514.049988,521.849976,475.634003,874232
22-12-2015,524,526.799988,518.900024,519.549988,473.537689,666767
23-12-2015,525,525.049988,516.599976,518.049988,472.170532,697224
24-12-2015,520,521.75,516,516.950012,471.167969,453150
28-12-2015,516.049988,520.5,512.400024,518.799988,472.854095,1083432
29-12-2015,520.950012,522,518,518.950012,472.990814,570433
30-12-2015,519.5,528,519.25,525.150024,478.641693,1227498
31-12-2015,523.299988,526,520.349976,521.650024,475.451782,421683
01-01-2016,524.900024,524.900024,518.5,520.049988,473.993408,312042
04-01-2016,520.049988,521.299988,505,516.400024,470.666656,2684305
05-01-2016,516.950012,523.299988,516.599976,521.900024,475.679596,1707124
06-01-2016,522,527,520.799988,525.099976,478.59613,1456740
07-01-2016,521.099976,522.450012,504,510.799988,465.562592,2014798
08-01-2016,516,526.25,512.75,522.150024,475.90744,1426135
11-01-2016,517,517,505.850006,507.299988,462.372559,1791903
12-01-2016,507.950012,509.299988,498,507.399994,462.463684,1836753
13-01-2016,508,512.25,496.75,504.450012,459.774963,1431164
14-01-2016,497,516,494.049988,514,468.479187,2022474
15-01-2016,519,529.950012,511.850006,520.549988,474.449127,1612782
18-01-2016,516,526.950012,514.200012,517.400024,471.578125,1035936
19-01-2016,518,521.599976,510.100006,512.5,467.11203,978429
20-01-2016,507.25,512.799988,503.600006,507,462.099152,2002842
21-01-2016,508,516.299988,506.549988,507.350006,462.418152,1873696
22-01-2016,513,516.75,503.700012,514.25,468.707031,894565
25-01-2016,517,523.75,513.5,514.549988,468.980499,689789
27-01-2016,514,515.599976,501,503.049988,458.498993,2171390
28-01-2016,505,509.25,495.899994,500.049988,455.764648,2091098
29-01-2016,500,505.649994,492.950012,501.399994,456.995056,1583928
01-02-2016,504.950012,518.400024,496.149994,497.600006,453.531616,2717866
02-02-2016,496,499.350006,472.100006,474.450012,432.431824,5733789
03-02-2016,471,476.799988,465.5,472.200012,430.381104,2019903
04-02-2016,478.899994,478.899994,465.100006,469.450012,427.874634,1465102
05-02-2016,471.899994,476.299988,468.100006,475.100006,433.024261,1196754
08-02-2016,471.5,482,468.200012,470.649994,428.968353,598666
09-02-2016,465,467.850006,446.450012,448.25,408.552124,2352111
10-02-2016,447.899994,447.899994,436.75,440.399994,401.397339,2686031
11-02-2016,440.399994,443.100006,429,431.950012,393.695709,1731120
12-02-2016,438,439.149994,425.25,430,391.918396,1443312
15-02-2016,432.149994,439.100006,428.100006,430.299988,392.191833,1888109
16-02-2016,434.950012,436.399994,419.649994,422.850006,385.401642,979478
17-02-2016,422.350006,431.5,415.149994,429.549988,391.50824,1169666
18-02-2016,434.950012,435.899994,422.899994,429.399994,391.371521,1262032
19-02-2016,428.600006,442.549988,426.549988,440.5,401.488525,1644603
22-02-2016,440.549988,441.899994,426.549988,431.700012,393.467865,1155619
23-02-2016,431.700012,432.399994,424,428.600006,390.642395,1074713
24-02-2016,425,428,418.350006,422.049988,384.672394,822293
25-02-2016,421.899994,423.799988,411,416.299988,379.431702,2406282
26-02-2016,419.25,424.950012,411.299988,417.75,380.753235,1912583
29-02-2016,417.5,424,407.399994,415.549988,378.748108,1555018
01-03-2016,417,435,416,432.25,393.969116,1570024
02-03-2016,438.450012,460.75,434.049988,455.549988,415.205627,2339747
03-03-2016,459.700012,464,452.200012,461.75,420.856567,2371409
04-03-2016,460,462,449.950012,451.25,411.286469,2756908
08-03-2016,455,459.549988,445,448.850006,409.098999,2050957
09-03-2016,443.899994,467.5,442.100006,464.149994,423.044006,4030260
10-03-2016,469.850006,473.200012,464.200012,466.149994,424.866913,3266594
11-03-2016,467.950012,470,455.600006,458.049988,417.484192,1025718
14-03-2016,460,472.299988,458,470.200012,428.558228,5115313
15-03-2016,472.600006,475.25,459,460.299988,419.534973,996244
16-03-2016,457,469.149994,456.5,465.799988,424.547852,1223337
17-03-2016,471,490,471,486.75,443.642517,2474194
18-03-2016,488,496,483.149994,492.450012,448.837738,3064899
21-03-2016,492.450012,498.399994,486,490.100006,446.695801,1653354
22-03-2016,490.100006,492.75,480.200012,484.200012,441.318359,2064995
23-03-2016,484,484.649994,474.649994,479.899994,437.399139,1458923
28-03-2016,482,485.25,464,474.700012,432.659729,3609846
29-03-2016,475.100006,479.850006,464,467.600006,426.188477,2044000
30-03-2016,471,478.799988,465.75,472.850006,430.973511,3203825
31-03-2016,475,483,473.200012,474.950012,432.887573,4630177
01-04-2016,476,476.049988,460,463.100006,422.086975,2394963
04-04-2016,468,474,466.200012,470.549988,428.877167,1708093
05-04-2016,472.5,473,460.100006,462.25,421.312286,1430387
06-04-2016,463.5,465.350006,448.399994,453,412.881439,2671558
07-04-2016,454.799988,459,442.899994,444.450012,405.088684,1891494
08-04-2016,444.399994,457.799988,444,455.850006,415.479095,2043759
11-04-2016,455.850006,471.399994,451,469.600006,428.011353,1008816
12-04-2016,469.75,472.700012,460.100006,464.450012,423.317444,1901106
13-04-2016,469.5,472.600006,465.899994,471.399994,429.651947,1062026
18-04-2016,475,482,472.25,476.700012,434.482544,1780726
20-04-2016,480,488.5,476,483.549988,440.725891,1450742
21-04-2016,484,486.5,474.100006,476.350006,434.163544,1179377
22-04-2016,477.049988,487.75,474.600006,479.899994,437.399139,2058353
25-04-2016,481.799988,484.700012,469.100006,472,430.198792,784214
26-04-2016,472.200012,477,465.700012,475.5,433.388824,1123091
27-04-2016,477,484.100006,473.399994,479.25,436.806732,955123
28-04-2016,480,483.799988,468.200012,480.149994,437.626984,4152895
29-04-2016,477,489,476,486.149994,443.095612,2295767
02-05-2016,485,485,475.600006,477.200012,434.938293,1076011
03-05-2016,477.200012,483.399994,465,467.200012,425.823914,1721645
04-05-2016,464,471.100006,459.700012,466.950012,425.596039,1379336
05-05-2016,466.799988,482,465,479.350006,436.897858,1484568
06-05-2016,475.200012,479,470.399994,473.049988,431.155792,948747
09-05-2016,475.100006,480.649994,474,478.600006,436.214264,827632
10-05-2016,479.450012,485.600006,475.649994,482.700012,439.951202,2296911
11-05-2016,477.899994,483.600006,471.5,473.899994,431.930481,1749723
12-05-2016,471.5,484.399994,471.5,481.200012,438.584045,1123199
13-05-2016,482,483.5,476.200012,479.799988,437.307983,1078921
16-05-2016,479,494.899994,477.850006,486.950012,443.824829,1732776
17-05-2016,489,493.899994,481.799988,483.799988,440.953735,868879
18-05-2016,481.049988,486.25,480,484.75,441.819611,1371699
19-05-2016,484.200012,487.5,481.149994,484,441.136017,1292336
20-05-2016,482.299988,489.450012,474.850006,475.850006,433.707825,741237
23-05-2016,478.100006,481,472.799988,476.450012,434.25473,1069529
24-05-2016,476,485.700012,464.600006,480.25,437.71814,2610091
25-05-2016,499.100006,532,494.5,528.5,481.695038,10804773
26-05-2016,530,547,520.25,542.299988,494.272858,3270866
27-05-2016,539,541,533.599976,535.900024,488.439697,1572528
30-05-2016,535.799988,564,535,543.549988,495.412201,2901801
31-05-2016,544.099976,548,536.650024,540.349976,492.495575,2896981
01-06-2016,541,543.200012,537.299988,540,492.176636,1093756
02-06-2016,537,552.5,537,546.150024,497.781982,1862166
03-06-2016,551.450012,557.549988,546.150024,551.700012,502.840393,1706048
06-06-2016,550.799988,551.900024,534.25,539.599976,491.812073,1614098
07-06-2016,544.900024,544.900024,533.450012,536.299988,488.80426,1763517
08-06-2016,540,540,533,535.650024,488.211823,739380
09-06-2016,537.900024,537.900024,528.299988,534.450012,487.118103,1085142
10-06-2016,535.700012,540.450012,530.75,537.549988,489.943573,565211
13-06-2016,534.200012,536.400024,528.549988,534.099976,486.799042,852440
14-06-2016,531.049988,537.400024,528.5,533.299988,486.069916,736886
15-06-2016,535,542,530,540.900024,492.996887,648970
16-06-2016,537.049988,543.349976,530.5,533.099976,485.887634,1181394
17-06-2016,533.099976,542,532.299988,535.25,487.847229,946013
20-06-2016,534,548.849976,532.099976,544.299988,496.095764,1592795
21-06-2016,543.900024,544.299988,533,535,487.619354,1344360
22-06-2016,540.799988,542,530.549988,532.75,485.568634,1211966
23-06-2016,533.099976,535,526.650024,531.349976,484.292633,1027592
24-06-2016,513,516.950012,493.549988,507.049988,462.144684,3567473
27-06-2016,499,509,499,504.649994,459.957245,1135682
28-06-2016,505,512.599976,500.100006,501,456.630493,1518673
29-06-2016,504.5,507.25,499.299988,504.950012,460.230713,1209538
30-06-2016,509.100006,509.700012,502.350006,505.75,460.959808,2334281
01-07-2016,508.200012,516.549988,506.299988,511.399994,466.109467,715389
04-07-2016,511,524,510.549988,519.099976,473.127533,1250195
05-07-2016,516.799988,519,513.049988,515.25,469.6185,456205
07-07-2016,512.799988,515,503.5,504.549988,459.866089,1036078
08-07-2016,501,507.450012,499,502.950012,458.407806,733349
11-07-2016,505.950012,512.400024,504.450012,508.399994,463.375183,729356
12-07-2016,509.149994,511.899994,505,507.200012,462.281433,931824
13-07-2016,509,511.5,504.950012,506.549988,461.688965,1194115
14-07-2016,506.950012,519.5,506.5,518.150024,472.261688,753846
15-07-2016,520.700012,523.799988,501.899994,504.049988,459.4104,2417368
18-07-2016,505.100006,509.899994,503,506.600006,461.734558,1132642
19-07-2016,506.799988,511.899994,504.049988,507.600006,462.645996,1013525
20-07-2016,504.25,509.600006,504.100006,505.350006,460.595245,1424321
21-07-2016,506,508.5,503.200012,505.299988,460.549652,528981
22-07-2016,507,508.5,504.399994,504.899994,460.185089,1008674
25-07-2016,505,511.399994,502.799988,508.399994,463.375183,1028518
26-07-2016,508,512.75,500,502.5,457.99765,3069751
27-07-2016,502.100006,506.450012,501.100006,504.25,459.592651,744952
28-07-2016,498,499,482.100006,485.549988,447.878021,1867921
29-07-2016,488.950012,490.899994,482.549988,487.950012,450.091827,1134853
01-08-2016,485.200012,493,476.100006,490.149994,452.121124,2125956
02-08-2016,486,509.700012,485.100006,499.200012,460.468994,4792350
03-08-2016,501.200012,503.950012,493.100006,496.899994,458.347412,1196987
04-08-2016,498.899994,503.899994,494.200012,499.950012,461.160797,793067
05-08-2016,502,507.5,493.299988,495.049988,456.640961,1681614
08-08-2016,496,504.5,496,503.649994,464.5737,913042
09-08-2016,505,505.799988,495.549988,502.5,463.512939,1299439
10-08-2016,504,504,491.5,497.200012,458.624146,1326514
11-08-2016,501,501.899994,495.299988,500.100006,461.299133,1681953
12-08-2016,504,504,488.399994,493.350006,455.072876,3618973
16-08-2016,490.549988,491.75,478.25,482.950012,445.479767,2087382
17-08-2016,483.100006,487,472.200012,474.649994,437.8237,913427
18-08-2016,477.649994,478.700012,468.25,469.5,433.073273,1005420
19-08-2016,470,477.200012,470,473.200012,436.486237,3664586
22-08-2016,472,474.299988,465,466.350006,430.167694,1107412
23-08-2016,466.700012,474.5,461.5,465.799988,429.660339,1617568
24-08-2016,467,471.700012,463.5,467.049988,430.813385,894108
25-08-2016,470.200012,470.950012,455.899994,458.100006,422.557739,1769817
26-08-2016,460,463.700012,457,459.950012,424.264221,857182
29-08-2016,462.700012,462.700012,448.549988,449.549988,414.671112,797904
30-08-2016,451.5,464.700012,451.200012,462.950012,427.031464,981748
31-08-2016,462,473.799988,461.549988,468.799988,432.427582,1779070
01-09-2016,470,476.399994,466.299988,469.149994,432.750427,1046734
02-09-2016,469.950012,474.200012,465.950012,471.850006,435.240967,1070131
06-09-2016,470,481.25,467.399994,480.049988,442.804718,1553926
07-09-2016,481.200012,483.5,470.149994,471.850006,435.240967,1254946
08-09-2016,465,466.950012,455,459.049988,423.434021,3145694
09-09-2016,458,465.450012,451.299988,458.299988,422.742218,1469794
12-09-2016,454,466.399994,453,463.850006,427.861664,1746181
14-09-2016,466.700012,472.600006,463.649994,466.700012,430.490509,1321007
15-09-2016,469,471.899994,460.799988,462.75,426.847015,956858
16-09-2016,467.399994,469,459,465.299988,429.199127,1477056
19-09-2016,468.200012,474.700012,464.350006,466.600006,430.398285,1134564
20-09-2016,469,469,460.25,462.200012,426.339691,913111
21-09-2016,464,465.75,455.100006,461.149994,425.371124,2142358
22-09-2016,465,466.799988,453.75,454.75,419.467682,2766927
23-09-2016,458,458,452.850006,454.600006,419.329315,2221151
26-09-2016,452.049988,454.200012,446,448.950012,414.117676,1027167
27-09-2016,446,453.399994,446,447.850006,413.102997,1306463
28-09-2016,449,449,439.399994,440.5,406.323273,1785763
29-09-2016,444,444,424.299988,427.149994,394.009033,4331711
30-09-2016,435,435,418.700012,419.850006,387.275421,2210429
03-10-2016,420,425,418.200012,420.700012,388.059509,1754766
04-10-2016,424.649994,431.899994,422.25,428.700012,395.438782,2145572
05-10-2016,431.100006,433,423.25,425.299988,392.302582,1476240
06-10-2016,425,428.649994,419.149994,420.75,388.105591,1559084
07-10-2016,421.899994,424.399994,417.200012,419.75,387.183197,1562901
10-10-2016,421.5,424.799988,417,421.850006,389.12027,997527
13-10-2016,421.700012,424.700012,417.5,422.200012,389.443115,2473032
14-10-2016,423.5,429.649994,418,419.100006,386.583649,6379695
17-10-2016,421,421,405.5,408.549988,376.852142,3248168
18-10-2016,408,430.799988,405.75,425.100006,392.118134,7264158
19-10-2016,427.850006,436.450012,419.100006,424.899994,391.933624,4525016
20-10-2016,424.25,429.200012,421.200012,425,392.025909,2133653
21-10-2016,428.850006,436.100006,422.200012,434.100006,400.41983,4853235
24-10-2016,436,438.5,427.600006,429.149994,395.853912,2292196
25-10-2016,431,437.75,429.299988,434.049988,400.373688,1684650
26-10-2016,434,435,421.950012,423.049988,390.227112,2685974
27-10-2016,423,426.549988,412.649994,414.100006,381.971558,3706854
28-10-2016,429,444,429,435.649994,401.849579,12710319
01-11-2016,436,436,429.549988,433.549988,399.912476,4643934
02-11-2016,422.25,433.450012,422.25,429.799988,396.453461,3387397
03-11-2016,431,432,424,428,394.793091,2159069
04-11-2016,428,434.899994,414.799988,430.049988,396.684052,7835863
07-11-2016,435,449.450012,430.549988,444.850006,410.335815,7039296
08-11-2016,446.200012,455.799988,445.350006,454.149994,418.914215,5501834
09-11-2016,419.899994,444,409,434.5,400.788788,4852450
10-11-2016,447.5,449.149994,435,442.25,407.9375,3301285
11-11-2016,440,440,428,429.399994,396.084473,1161656
15-11-2016,435,437.200012,427.299988,430.950012,397.514252,6787283
16-11-2016,434,448,433,443.600006,409.18277,9156138
17-11-2016,447,455,439.5,441.850006,407.568542,2616362
18-11-2016,440,449,437.799988,445.299988,410.750854,2041621
21-11-2016,445.899994,452,440.899994,447.149994,412.457336,2718966
22-11-2016,448,455,446.200012,453.399994,418.222412,2409601
23-11-2016,457,458.950012,448.049988,453.100006,417.945679,1950811
24-11-2016,450.700012,464.5,450.100006,458.649994,423.065063,2574455
25-11-2016,461.899994,489.5,461.149994,487.25,449.446136,4561987
28-11-2016,485.950012,495.850006,482.5,489.350006,451.383209,2279428
29-11-2016,489.399994,494.399994,481.299988,483.850006,446.309906,2029150
30-11-2016,487.25,489.799988,481.350006,485.200012,447.555206,2604888
01-12-2016,480.049988,485.200012,471.399994,475.049988,438.192657,2059534
02-12-2016,477,481.950012,471,473.399994,436.670715,2450542
05-12-2016,467,476.600006,459.350006,462.399994,426.52417,1727408
06-12-2016,463,469.5,462.399994,465.450012,429.337524,1073627
07-12-2016,468.850006,470,453.75,455.600006,420.25174,1540255
08-12-2016,459.899994,465.600006,457.100006,463.75,427.769379,1158682
09-12-2016,467,474.950012,465,471.700012,435.1026,2017058
12-12-2016,473.950012,474.049988,466.700012,469.399994,432.981018,709914
13-12-2016,470,487.5,467.299988,484.549988,446.955597,1863492
14-12-2016,484,487,473.350006,476.649994,439.668549,1702307
15-12-2016,475.25,482,468.049988,477.450012,440.406494,3292408
16-12-2016,481.399994,482.100006,475,477.149994,440.12973,2185723
19-12-2016,474,475.600006,470.450012,473.350006,436.624542,1389090
20-12-2016,476.899994,480.75,473.649994,476.75,439.760803,1919780
21-12-2016,478,479.600006,472.5,474.450012,437.639252,667563
22-12-2016,472.299988,477.200012,464.549988,473.950012,437.178009,932766
23-12-2016,474,477.450012,465.25,467.100006,430.859497,942216
26-12-2016,463.25,468.049988,460.399994,463.600006,427.631073,572307
27-12-2016,460.5,474,460.049988,468.200012,431.874146,1061513
28-12-2016,469,477,469,474.149994,437.362488,1658315
29-12-2016,471.049988,484.450012,469.5,482.700012,445.249176,2079991
30-12-2016,482,493,482,488.899994,450.968109,1817123
02-01-2017,494.5,496.899994,486.5,488,450.137939,1203138
03-01-2017,488.700012,495,487.200012,491.549988,453.412506,1006546
04-01-2017,490,504.5,488.549988,500.600006,461.760376,1989140
05-01-2017,505,507,485.950012,488.100006,450.230225,2295824
06-01-2017,487.5,487.899994,466.200012,469.75,433.303894,3307502
09-01-2017,465.049988,477.899994,462,473.450012,436.716827,1812454
10-01-2017,474.350006,475,467.649994,473.5,436.762939,1634891
11-01-2017,473.299988,478.450012,469,474.049988,437.270264,2058634
12-01-2017,475,486.799988,472.200012,481.200012,443.86554,1970093
13-01-2017,484.200012,492.899994,481.899994,488.5,450.599182,2754723
16-01-2017,488.25,490.549988,479,487.149994,449.353882,1258527
17-01-2017,488,495,484.700012,486.75,448.984894,1233813
18-01-2017,488,494.899994,481.5,483.649994,446.125427,1336551
19-01-2017,480,485.25,477.450012,481.399994,444.050018,1586512
20-01-2017,476,484,466,468.649994,432.289246,1442119
23-01-2017,465,471.799988,460.799988,469.700012,433.257782,1400660
24-01-2017,471.399994,473.5,465.399994,469.899994,433.442261,1255925
25-01-2017,470.25,473.75,462.200012,465.649994,429.521973,3368794
27-01-2017,465.399994,470.600006,463.200012,467.100006,430.859497,1795089
30-01-2017,467,478,461.200012,471.600006,435.010376,3024028
31-01-2017,484.700012,484.700012,425.5,452.200012,417.11554,7804620
01-02-2017,452.25,457,436.450012,449.700012,414.809509,4061099
02-02-2017,449.700012,465,440,461.100006,425.325043,3771089
03-02-2017,464.100006,482,464.100006,480.450012,443.173737,2677019
06-02-2017,481.049988,488.600006,471.200012,477.5,440.452576,2105323
07-02-2017,480,480,469.100006,470.850006,434.318512,1794349
08-02-2017,470,483.75,468.799988,474.600006,437.777588,1754215
09-02-2017,477.899994,486.75,474.5,485,447.370697,3013021
10-02-2017,490,503.5,486,499.899994,461.114655,7225481
13-02-2017,500,504.700012,495.5,499.649994,460.884033,1903851
14-02-2017,501,508.549988,500.350006,504.600006,465.449982,2664728
15-02-2017,503.25,511.600006,489.100006,495.649994,457.194397,2584154
16-02-2017,494.049988,505.5,494.049988,504.5,465.357727,2591411
17-02-2017,502.299988,505,496,503.5,464.435364,1688519
20-02-2017,503.549988,507.399994,497,499.950012,461.160797,2610984
21-02-2017,500,515.25,500,507.899994,468.493988,3268863
22-02-2017,508.5,511.399994,503.600006,507.950012,468.540131,3036464
23-02-2017,508,515,499.799988,503.649994,464.5737,5868525
27-02-2017,500.25,510.049988,495,499.799988,461.0224,2250245
28-02-2017,506,509,488.450012,499.399994,460.653442,31171453
01-03-2017,488.950012,502.200012,487.950012,499.75,460.976288,1979476
02-03-2017,503,505.049988,497.299988,499.899994,461.114655,2392413
03-03-2017,501.100006,505.350006,500,503.700012,464.619873,2136886
06-03-2017,499.799988,505.75,494.600006,499.950012,461.160797,1234125
07-03-2017,506,507.25,498.600006,499.950012,461.160797,3221133
08-03-2017,499.5,503.100006,488.100006,491.899994,453.735352,1430424
09-03-2017,493,495.5,487.549988,488.950012,451.014221,1752351
10-03-2017,493.5,497.299988,474.5,475.799988,438.884491,3875776
14-03-2017,482,485.899994,476.200012,479.850006,442.62027,4483127
15-03-2017,483.399994,484.75,471.600006,479.649994,442.43576,3941570
16-03-2017,482,483.850006,478.5,481.100006,443.773285,4191349
17-03-2017,485.5,487.799988,469.350006,484.25,446.678864,5857451
20-03-2017,483,491,480.100006,481.899994,444.5112,3734239
21-03-2017,482,484.5,475.049988,476.950012,439.945282,4422809
22-03-2017,477,479.5,472.850006,475.399994,438.515533,2797599
23-03-2017,476.899994,483.5,475.600006,482.149994,444.741821,3259747
24-03-2017,482,482,472,474.149994,437.362488,2203312
27-03-2017,474,477.649994,463.200012,468.799988,432.427582,2457180
28-03-2017,471.700012,471.700012,454.649994,455.700012,420.343994,5722292
29-03-2017,459,459.899994,451.200012,458.25,422.696106,3227158
30-03-2017,459.5,463.5,455.5,461.200012,425.417267,4028816
31-03-2017,462,464,454.600006,459.149994,423.526276,2581903
03-04-2017,457,459,450.75,453.100006,417.945679,1914496
05-04-2017,454,456.600006,445.450012,446.950012,412.272858,2902998
06-04-2017,446.950012,448.399994,441.299988,446.899994,412.226746,1926091
07-04-2017,447.950012,454.549988,442.049988,443.200012,408.813812,3125291
10-04-2017,445,448.700012,441.5,443.049988,408.675415,2111378
11-04-2017,443.100006,446.700012,440,445.200012,410.65863,1861086
12-04-2017,446.700012,447.350006,435.549988,437.649994,403.694366,1728894
13-04-2017,438,442.799988,427.850006,429.950012,396.591827,1543616
17-04-2017,429.950012,429.950012,420.049988,421.950012,389.212494,2595117
18-04-2017,422,425.899994,416.950012,418.899994,386.399139,2338492
19-04-2017,419.5,425.5,412.450012,414.299988,382.156036,2638642
20-04-2017,415,422.799988,414.5,420.5,387.875,2818261
21-04-2017,425,431.799988,422.200012,427.649994,394.470245,2668714
24-04-2017,430.5,431.299988,424.299988,429.25,395.946136,1709076
25-04-2017,432.5,440.100006,429.25,438.149994,404.155609,2575089
26-04-2017,440,441.950012,424.100006,427.049988,393.916809,3721058
27-04-2017,426.200012,428.700012,422.5,424.950012,391.979767,1450414
28-04-2017,425.5,428.799988,416,416.950012,384.600433,1945081
02-05-2017,420.899994,425,416.649994,418.149994,385.707336,1568455
03-05-2017,419,421.399994,418.149994,419.850006,387.275421,1746287
04-05-2017,420,422.799988,416.649994,419.100006,386.583649,1009112
05-05-2017,418.899994,419.399994,410.399994,413,380.956909,1541496
08-05-2017,413.399994,423,412,421.149994,388.474548,1938018
09-05-2017,422.600006,432,420.899994,426.200012,393.132782,4402442
10-05-2017,428.5,434.299988,427.200012,430.399994,397.006897,2018816
11-05-2017,432,435.899994,426.200012,434.75,401.019379,2060011
12-05-2017,434.75,444.600006,434.649994,442.25,407.9375,2696277
15-05-2017,445,445.899994,438.149994,442.600006,408.260345,1080719
16-05-2017,443.399994,446.899994,441,443.75,409.321136,1820495
17-05-2017,443,443.5,429,430.850006,397.422028,1754010
18-05-2017,429,441.899994,420.100006,422.299988,389.535339,3934861
19-05-2017,425,426,414.200012,416.149994,383.862518,2194511
22-05-2017,420,420,411.149994,412.350006,380.35733,2734184
23-05-2017,414,418.649994,408.5,415.75,383.49353,4828731
24-05-2017,416.5,420,414.350006,417.149994,384.784912,2039655
25-05-2017,420,427.899994,416.149994,426,392.948303,3098044
26-05-2017,428,434,420.149994,429.149994,395.853912,2257516
29-05-2017,386.25,390,356.649994,379.450012,350.009949,17135931
30-05-2017,381.649994,389.350006,380.950012,388.299988,358.173248,2800579
31-05-2017,393.100006,393.200012,386,390,359.741394,3844462
01-06-2017,390,403.899994,389.25,397.700012,366.843994,4032660
02-06-2017,400,401.899994,394.75,399.600006,368.596588,4221248
05-06-2017,400,405,397,402.75,371.502167,1922945
06-06-2017,404.049988,414.850006,399.549988,408.649994,376.944397,2846306
07-06-2017,406.799988,409.75,393,399.899994,368.873322,4041108
08-06-2017,400.100006,402.850006,396.299988,397.399994,366.567261,1811760
09-06-2017,396.600006,396.600006,385,386.799988,356.789673,2790651
12-06-2017,385,399.899994,380,397.299988,366.475006,2889773
13-06-2017,395,395.899994,388,393.399994,362.877594,1753491
14-06-2017,395,400,392,396.700012,365.92157,1895223
15-06-2017,396,396.5,392,393.649994,363.108215,1244822
16-06-2017,392,396,388,390.299988,360.018127,1473093
19-06-2017,390,393.299988,386.600006,389.450012,359.2341,992872
20-06-2017,389.399994,395.200012,385.649994,394.350006,363.753876,1458439
21-06-2017,395,396.899994,390,390.950012,360.617706,1121823
22-06-2017,392.100006,394.75,386,386.950012,356.92804,918944
23-06-2017,388.549988,389.700012,379.850006,380.700012,351.162933,1741413
27-06-2017,380.700012,384.600006,378.700012,380.100006,350.609528,4315500
28-06-2017,380.75,394,380,392.25,361.816833,1883908
29-06-2017,392.25,396,388,388.850006,358.680634,1631484
30-06-2017,387,387,377.399994,382,352.362091,2365394
03-07-2017,382.049988,385.25,378.399994,381.25,351.670258,1280684
04-07-2017,382,384.049988,376.350006,377.700012,348.395691,1328251
05-07-2017,379.25,381,376.200012,377.149994,347.888367,1461628
06-07-2017,376.5,379.450012,373.100006,376.299988,347.104309,1964709
07-07-2017,375,380.700012,375,380,350.517242,1642197
10-07-2017,383,387,382,384.100006,354.299164,268891
11-07-2017,384.899994,393.299988,383.149994,385.200012,355.313843,2362955
12-07-2017,387,389.600006,384.649994,387.299988,357.250854,687924
13-07-2017,388,391,387.299988,389.25,359.049591,940852
14-07-2017,390,393,385.549988,388.950012,358.772858,1034584
17-07-2017,389.5,398.200012,389.299988,391.850006,361.447845,1534113
18-07-2017,391.799988,396.350006,390.149994,391.299988,360.940491,1584011
19-07-2017,392,398,390.700012,396.75,365.967682,1590684
20-07-2017,398.700012,400.950012,390,391.5,361.124969,1411026
21-07-2017,393.5,398,392.850006,394.700012,364.076752,964314
24-07-2017,395,399.950012,394.950012,399.049988,368.089233,906007
25-07-2017,399,400.5,390.049988,391.100006,360.756012,1358932
26-07-2017,392.100006,393.799988,386.649994,389.350006,359.141846,1409292
27-07-2017,385,387.049988,375.75,377.25,356.214691,2627365
28-07-2017,379.25,383.450012,374.25,381.299988,360.038818,1712222
31-07-2017,381.200012,386.549988,379.299988,385.850006,364.335144,1535812
01-08-2017,405,413.899994,400.049988,402.450012,380.009552,12617014
02-08-2017,402.600006,406.399994,396.5,402.049988,379.631805,4071990
03-08-2017,404,408.5,401.049988,407.149994,384.447449,4650231
04-08-2017,407.600006,411.450012,406.299988,409,386.194305,1957230
07-08-2017,408.299988,414.899994,404.200012,406.350006,383.692078,1312508
08-08-2017,407,409.450012,396.649994,398.25,376.043732,2108254
09-08-2017,400,400.350006,392.799988,393.850006,371.889099,1135609
10-08-2017,393,413.700012,393,404,381.473114,4990849
11-08-2017,405.5,412.75,401,402.799988,380.339996,2782291
14-08-2017,404,408,400,402.200012,379.773468,1213339
16-08-2017,402.200012,425.899994,400,419.950012,396.533752,5407314
17-08-2017,425.200012,430.049988,421.549988,424.399994,400.735626,3175256
18-08-2017,420.700012,436.399994,420.700012,428.850006,404.9375,3610728
21-08-2017,429,437,429,431.100006,407.062042,2657468
22-08-2017,434,442.75,432.200012,439.350006,414.85202,4623000
23-08-2017,440,444.25,427.5,430.200012,406.212219,1576891
24-08-2017,432,438,425.600006,427.700012,403.851593,2607190
28-08-2017,427.149994,436,426.450012,427.75,403.898804,1888194
29-08-2017,429.950012,433.950012,423,431.75,407.675812,3282938
30-08-2017,434,436,425.049988,425.75,402.010345,2380800
31-08-2017,428.25,432.5,426.200012,428.149994,404.276489,3782413
01-09-2017,429,430.25,422.600006,423.399994,399.791382,1242275
04-09-2017,425,428.700012,410.549988,416.100006,392.898438,3250373
05-09-2017,418.700012,430.600006,418.049988,427.850006,403.993225,3651996
06-09-2017,425.100006,427.200012,421,424.600006,400.924469,1553072
07-09-2017,426.5,429.899994,423.149994,426.049988,402.29361,983408
08-09-2017,426.049988,431.700012,426.049988,430.799988,406.778748,1434311
11-09-2017,435,442.5,433.799988,441.5,416.882111,2373479
12-09-2017,443,443.950012,434,441.399994,416.787689,1357481
13-09-2017,441.149994,453.700012,437.299988,440.799988,416.22113,2339372
14-09-2017,441,443,436.100006,441.399994,416.787689,1048243
15-09-2017,437.350006,447.899994,437.350006,444.299988,419.52597,1959478
18-09-2017,444,451.350006,443.299988,445.100006,420.281403,1034355
19-09-2017,445.899994,449,442.5,447.75,422.7836,1001757
20-09-2017,450,450,445,448.899994,423.869507,755469
21-09-2017,449,461.700012,448.700012,460.25,434.586609,2189490
22-09-2017,457.5,464.25,453,458.399994,432.839752,2254484
25-09-2017,455.25,462.450012,449.149994,451.950012,426.749451,2490162
26-09-2017,452,454.149994,441.5,447.350006,422.405914,886702
27-09-2017,449,458,443.700012,449.950012,424.860962,1908788
28-09-2017,450,458.350006,447.350006,454.450012,429.110046,3555144
29-09-2017,454,459.350006,449.549988,457.850006,432.320435,1412345
03-10-2017,456.799988,466.799988,456,463.299988,437.466553,1901932
04-10-2017,465.049988,468.5,463.350006,465.049988,439.118958,1673214
05-10-2017,464.5,464.700012,448.549988,450.950012,425.805206,1237068
06-10-2017,454.399994,458.100006,447,456.850006,431.376251,1130586
09-10-2017,454,464,454,463.299988,437.466553,997113
10-10-2017,463,467.799988,461.399994,466.299988,440.299255,1559112
11-10-2017,464,469.899994,461.600006,467.25,441.19632,1624889
12-10-2017,465.5,475,465.5,474.200012,447.758789,1762764
13-10-2017,474.399994,479.899994,472.950012,476.100006,449.552856,2187256
16-10-2017,474.850006,476.700012,470.75,473.799988,447.381073,1101381
17-10-2017,471.049988,475.200012,468.950012,473,446.625702,787447
18-10-2017,472.350006,472.399994,457.649994,458.450012,432.886993,1414945
19-10-2017,456.100006,460,456.100006,458.350006,432.792542,128310
23-10-2017,457,465,453.700012,463.100006,437.27771,1319264
24-10-2017,463.399994,463.799988,453.100006,454.799988,429.440491,850860
25-10-2017,455,474.100006,454,468.100006,441.998901,1583314
26-10-2017,469,479.899994,462,477.25,450.638733,2859405
27-10-2017,480,480,472,476.399994,449.836121,1292782
30-10-2017,474.049988,488.5,474.049988,485.549988,458.475891,3746798
31-10-2017,486,486.600006,476.200012,482.049988,455.171082,1509095
01-11-2017,484.950012,498,472.450012,488.5,461.261444,3983511
02-11-2017,481.5,481.950012,460.899994,467.950012,441.8573,5545465
03-11-2017,469,473.75,461.100006,463.450012,437.608185,1278344
06-11-2017,462,466.5,458.100006,460.450012,434.775482,1701924
07-11-2017,462,478.450012,461.049988,470.5,444.265076,4208801
08-11-2017,474.850006,492.149994,474.100006,489.899994,462.583313,3566147
09-11-2017,492,496,486.850006,490.25,462.913818,1803442
10-11-2017,496,497.75,483.850006,491,463.622009,1871915
13-11-2017,487,502,486.799988,490.100006,462.772186,2140262
14-11-2017,491,495,481.399994,487.899994,460.694885,1426995
15-11-2017,486,499.450012,485,496.549988,468.862518,1718584
16-11-2017,499,502,488.200012,499.899994,472.025757,1376234
17-11-2017,500,501,482.5,484.549988,457.531647,2140643
20-11-2017,485.950012,487.5,475.5,476.799988,450.213806,1527038
21-11-2017,478,497.75,478,493.850006,466.313141,2242785
22-11-2017,494,496.200012,479.700012,482.600006,455.690399,1932859
23-11-2017,482.600006,493,482.600006,489.600006,462.300079,1200242
24-11-2017,490,499,490,494.100006,466.549164,1701291
27-11-2017,493,500,491.100006,498.75,470.93988,1469508
28-11-2017,499.200012,502.799988,493.399994,499.700012,471.836914,2334856
29-11-2017,497.100006,500.100006,492.799988,496.549988,468.862518,1438175
30-11-2017,492.350006,495.5,487.200012,489.25,461.969574,2729850
01-12-2017,490,491.799988,469.100006,472.899994,446.531281,1962459
04-12-2017,472.5,487,465.950012,472.799988,446.436859,2507080
05-12-2017,474.799988,475.25,462.649994,465.399994,439.449432,2977968
06-12-2017,466.649994,474.700012,464.100006,472.25,445.917511,1952199
07-12-2017,472.299988,499.5,471.149994,497.299988,469.57074,7475829
08-12-2017,497,499.549988,492.700012,496.100006,468.437653,2534022
11-12-2017,496,504.899994,493.700012,500.649994,472.733917,3215999
12-12-2017,502,506.600006,498.049988,501.200012,473.253296,4481699
13-12-2017,499.100006,507.799988,498.25,503.600006,475.51944,2052503
14-12-2017,503,518.150024,503,514.25,485.575623,4105304
15-12-2017,515,518,495,500.75,472.828339,7010768
18-12-2017,497,498.5,489,494,466.454712,2175527
19-12-2017,496.450012,500,494,495.350006,467.729462,2168308
20-12-2017,496,496,489.350006,492.950012,465.463318,1690391
21-12-2017,497.399994,498.450012,485.299988,490.649994,463.291534,1483945
22-12-2017,490,497.25,488.549988,493.450012,465.935425,1210792
26-12-2017,494,497.899994,489.600006,493.399994,465.888184,1095301
27-12-2017,494.5,505.399994,491.25,503,474.952881,2160870
28-12-2017,503.25,508,494.649994,497.049988,469.334656,1943344
29-12-2017,499.799988,505,495.649994,504.049988,475.944366,1412805
01-01-2018,501.100006,508.700012,500.049988,503.100006,475.047333,1115837
02-01-2018,503.5,515,503.5,513.950012,485.292358,2204383
03-01-2018,516.099976,525,515.700012,519.450012,490.485687,2288877
04-01-2018,519.5,525,514,522.549988,493.41275,1460097
05-01-2018,521,527,514.849976,525.450012,496.151093,1756809
08-01-2018,520.700012,542.849976,520.700012,536.299988,506.396088,2795379
09-01-2018,540,540,529,533.849976,504.082672,1855191
10-01-2018,535,544,533.799988,542.099976,511.872681,2748547
11-01-2018,544,555.849976,542.700012,551.700012,520.937439,3485380
12-01-2018,550,554.5,548,550.75,520.040405,2790912
15-01-2018,550.950012,554.900024,542.349976,543.75,513.430664,1959669
16-01-2018,548,563,547.299988,557.650024,526.555664,4791310
17-01-2018,559.950012,564.549988,553.150024,554.900024,523.958984,1636201
18-01-2018,560,560,550.25,552.650024,521.834473,2158972
19-01-2018,553,558.5,547.049988,552.900024,522.070557,1951962
22-01-2018,550,572.400024,549.700012,569.5,537.744873,4127554
23-01-2018,569.150024,590.700012,564.200012,588.25,555.449402,4103152
24-01-2018,584.150024,612.450012,584.150024,603.150024,569.518616,6672393
25-01-2018,604.5,613.450012,588.099976,598.450012,565.080688,5104213
29-01-2018,599.049988,608.700012,595.450012,604.799988,571.076599,3352495
30-01-2018,600,611.25,593.200012,602.950012,569.329773,6290644
31-01-2018,602.799988,626.200012,597,612.650024,578.488892,7244068
01-02-2018,612.549988,619.5,607.049988,611.049988,576.978027,2479739
02-02-2018,604.299988,622.5,599.049988,619.450012,584.909729,3994302
05-02-2018,609.900024,631.200012,609.400024,629.049988,593.974426,3500770
06-02-2018,601,621.200012,601,606.700012,572.870667,3104038
07-02-2018,611.799988,617.299988,596.950012,603.099976,569.471375,3653165
08-02-2018,610,622,594.950012,608.25,574.334167,2894969
09-02-2018,601,603,589.400024,595.25,562.059082,3481551
12-02-2018,598,604.900024,586.150024,590.349976,557.432312,2343988
14-02-2018,588.5,614.599976,588.5,611.5,577.402954,5004415
15-02-2018,615,618.599976,604,605.650024,571.87915,1676641
16-02-2018,610,613.700012,581.200012,584.349976,551.766846,2887255
19-02-2018,588.75,588.75,563.650024,572.450012,540.530457,3170119
20-02-2018,575,582.200012,569,574.200012,542.1828,2273116
21-02-2018,581.049988,598,566.549988,595.200012,562.011841,5590807
22-02-2018,592,606.450012,592,602.599976,568.999207,4421727
23-02-2018,607,624.950012,605,621.450012,586.798218,3490526
26-02-2018,622,627.450012,611.049988,612.450012,578.300049,2923731
27-02-2018,618,618.299988,602.450012,610.549988,576.505981,1905663
28-02-2018,610.200012,615,603.849976,612.650024,578.488892,2113430
01-03-2018,612.049988,615.900024,605.549988,611.900024,577.780701,2226114
05-03-2018,608.5,634.900024,606.549988,630.849976,595.67395,4765322
06-03-2018,631.900024,633.900024,615,617.25,582.832336,2424505
07-03-2018,619.799988,626.450012,606.549988,609.049988,575.089539,1787149
08-03-2018,615,616.75,603,607.200012,573.342712,1858046
09-03-2018,609.700012,623.099976,606.5,619.200012,584.673645,2095483
12-03-2018,621.150024,636.400024,616.700012,619.549988,585.004089,4336200
13-03-2018,620,624.950012,613.599976,619.150024,584.626404,2306960
14-03-2018,617.5,640.75,617.5,639.099976,603.463928,3825750
15-03-2018,641.700012,651.950012,627.049988,631.849976,596.618225,5855371
16-03-2018,634.700012,639,627,634.700012,599.309387,3741772
19-03-2018,634.849976,637.400024,608,609.900024,575.892273,1731324
20-03-2018,605,635.299988,603.099976,633.400024,598.081848,3320421
21-03-2018,635,636.849976,621.25,625.849976,590.95282,2428150
22-03-2018,627,631,616.5,619.049988,584.531982,1785067
23-03-2018,607.5,625,604.75,623.349976,588.592224,3153066
26-03-2018,623,628.599976,617,620.400024,585.806763,1552991
27-03-2018,625,629.599976,619,621.650024,586.987061,1135697
28-03-2018,621.200012,641,616.650024,638.700012,603.086304,5534298
02-04-2018,638.700012,646.5,634.099976,640.299988,604.597046,2095519
03-04-2018,636.5,638,613.5,615.950012,581.604858,3851192
04-04-2018,618,622,603.25,606.299988,572.49292,2670676
05-04-2018,616.200012,620.75,604.549988,617.349976,582.926758,2809480
06-04-2018,616,622,613.799988,618.200012,583.729431,1160620
09-04-2018,621,622.5,613.25,614.849976,580.566162,1427650
10-04-2018,620.900024,629.5,611.5,626.450012,591.519409,2085181
11-04-2018,626.049988,636.799988,620.650024,633.349976,598.034607,2139871
12-04-2018,636.400024,655,634.049988,652.799988,616.400085,3614281
13-04-2018,652.549988,673.849976,641.099976,671.549988,634.104553,5653116
16-04-2018,658.099976,682.799988,657.5,668.700012,631.413513,3931095
17-04-2018,671,672.5,661.650024,668.299988,631.035767,1576573
18-04-2018,668.950012,674,654.200012,656.799988,620.177063,1676060
19-04-2018,662.950012,669.25,655.950012,665.200012,628.108704,2662071
20-04-2018,667,706,667,700.5,661.440369,5490181
23-04-2018,694.549988,729.5,690.599976,702,662.856689,6998046
24-04-2018,695,699.75,680,682.700012,644.632935,2728320
25-04-2018,685.900024,699.950012,677,686.400024,648.126648,4560558
26-04-2018,681,697,680.650024,691.099976,652.564453,2852323
27-04-2018,695.049988,695.849976,668.450012,670.5,633.113159,3756249
30-04-2018,675,684.150024,668.099976,670.599976,633.207581,2639069
02-05-2018,674,674,655.5,662.549988,625.606445,1745715
03-05-2018,662.549988,667,645.900024,652.950012,616.541748,2284475
04-05-2018,652.950012,665.599976,636.450012,662.650024,625.700867,3162498
07-05-2018,671.75,675.5,654.200012,657.400024,620.743591,2770174
08-05-2018,663,666.400024,651.049988,653.349976,616.919434,1771130
09-05-2018,653,665.75,648.299988,654.099976,617.627625,2193797
10-05-2018,656.650024,671.900024,656.650024,663.599976,626.5979,3927593
11-05-2018,663,671.75,654.200012,666.450012,629.289001,2880596
14-05-2018,661.599976,670,658.25,667.25,630.044373,1436196
15-05-2018,664.599976,680,663.299988,670.650024,633.254822,2427422
16-05-2018,671,678.700012,669,672.700012,635.190491,1690858
17-05-2018,679,681,666.299988,675.799988,638.117615,2022339
18-05-2018,679.799988,697.5,671.25,692.950012,654.311401,4304706
21-05-2018,692,695.900024,678.25,685.349976,647.135132,2342450
22-05-2018,683.599976,690.5,675,686.400024,648.126648,1797801
23-05-2018,687,707.299988,683.25,697.450012,658.560486,3516538
24-05-2018,700.950012,715.900024,695.849976,711.349976,671.685364,5914361
25-05-2018,714.950012,718.700012,696,702.75,663.56488,3547180
28-05-2018,713.950012,713.950012,662.349976,675.25,637.598328,8983562
29-05-2018,676.049988,686.5,673.25,677.849976,640.053284,2684315
30-05-2018,678,691.25,678,687.25,648.929199,3744400
31-05-2018,686,717.799988,682.450012,712.349976,672.629578,7789699
01-06-2018,712,721.5,698.200012,701.150024,662.054138,4585884
04-06-2018,698,717,695.400024,698.299988,659.362976,2864750
05-06-2018,703,714.799988,697.349976,701.25,662.14856,3710175
06-06-2018,705,706.5,684.299988,691.75,653.178284,2793493
07-06-2018,694.5,703.900024,683,701.849976,662.715088,3166739
08-06-2018,705,721.299988,703.5,706.950012,667.530762,4572713
11-06-2018,709,721.900024,705.5,714.200012,674.376465,4023019
12-06-2018,715.099976,718.650024,706.299988,709.099976,669.560791,2200939
13-06-2018,715,715.099976,706.400024,713.799988,673.998779,2429450
14-06-2018,711,717.900024,690,698.799988,659.835144,4483300
15-06-2018,702.5,712,695.200012,707.25,667.813965,3273882
18-06-2018,711,714.150024,701.349976,710.549988,670.929993,1693522
19-06-2018,708.950012,712,694.5,695.75,656.9552,2008178
20-06-2018,699.900024,700.5,688.299988,690.549988,652.045166,2117024
21-06-2018,694.700012,702.75,682.200012,685.299988,647.087952,2599578
22-06-2018,686,692.799988,679.5,691.150024,652.611755,1604665
25-06-2018,692.950012,699.900024,691,696.150024,657.332947,1850829
26-06-2018,695,699.900024,682.150024,687.849976,649.495728,1687463
27-06-2018,692,716.900024,690,714.25,674.423645,5570107
28-06-2018,716.049988,721.75,659.25,664.25,627.21167,8192199
29-06-2018,673.900024,675.799988,634.150024,655.450012,618.902344,10890801
02-07-2018,657.950012,669.5,640,657.200012,620.554749,4422723
03-07-2018,659.950012,666.200012,654.299988,660.849976,624.001221,3506534
04-07-2018,665.349976,665.400024,652,654.5,618.005371,2070241
05-07-2018,662,663.049988,645,646.650024,610.593018,2864186
06-07-2018,649.700012,651.049988,633,634.900024,599.498291,5193752
09-07-2018,640,648.349976,637,643.849976,607.949158,1990065
10-07-2018,649,661,645.299988,650.75,614.464417,3496172
11-07-2018,655,669.799988,651.049988,654.400024,617.910889,5529491
12-07-2018,659.299988,664,645,647.700012,611.584473,3416881
13-07-2018,647,655,635.5,641.049988,605.305237,3194276
16-07-2018,643.950012,661.549988,638.200012,657.299988,620.64917,2856991
17-07-2018,654,664.900024,644.549988,646.799988,610.73468,2658597
18-07-2018,650,654.900024,640,646.299988,610.262573,2568607
19-07-2018,646.299988,654.950012,640,642.200012,606.391174,1610766
20-07-2018,644.099976,661.75,643.5,659.450012,622.67926,2868824
23-07-2018,658,660.950012,639.5,648.549988,612.387024,3696991
24-07-2018,653.650024,654.900024,639.099976,641.5,605.730164,3855335
25-07-2018,644,646.150024,627.200012,631.349976,596.146118,2269581
26-07-2018,624,634.599976,612.400024,632.049988,610.341248,3542338
27-07-2018,632.900024,649.650024,623.650024,645.099976,622.943054,3040306
30-07-2018,648,658.75,646.299988,655.450012,632.937561,3393232
31-07-2018,661,684.900024,661,680.75,657.368591,9680690
01-08-2018,684.400024,687.5,672.599976,681.099976,657.706543,2887901
02-08-2018,678.799988,683.349976,666.5,669,646.022156,1958340
03-08-2018,672,674.950012,654.75,662.75,639.986816,2862463
06-08-2018,662.75,672.950012,662.75,667.099976,644.187439,2226904
07-08-2018,670,674.75,652,658.75,636.124207,2689721
08-08-2018,660,666.900024,650.5,653.900024,631.440857,2074919
09-08-2018,655,658.5,643.900024,646.200012,624.00531,2146227
10-08-2018,648.849976,649.799988,634.099976,645.950012,623.763855,3135726
13-08-2018,649,667.700012,647,659.950012,637.28302,5306724
14-08-2018,663,677.5,660.5,672.799988,649.69165,5529769
16-08-2018,675,680.700012,664.25,668.650024,645.684204,3624795
17-08-2018,666,690,659.400024,687.700012,664.079895,3955484
20-08-2018,685,697.5,678.25,687.950012,664.321289,3577624
21-08-2018,695,717.099976,694.400024,709.400024,685.034546,7918861
23-08-2018,710,738,709,726.650024,701.692139,11534012
24-08-2018,729.5,737,712.599976,718.549988,693.8703,3625878
27-08-2018,720,742,720,737.950012,712.604004,2968641
28-08-2018,740.900024,748.900024,734.25,736.099976,710.817505,3782709
29-08-2018,738,741.25,722.450012,734.450012,709.224182,3627848
30-08-2018,734.450012,737,720.25,731.900024,706.76178,4304298
31-08-2018,734,768.75,731.25,765.799988,739.497375,7276056
03-09-2018,768,776.5,741.5,745.650024,720.039551,3610990
04-09-2018,751.200012,766.900024,747.400024,763.900024,737.662659,4488658
05-09-2018,764.900024,779.349976,757.25,766.150024,739.835449,6093648
06-09-2018,767,780,756.25,775.049988,748.429688,3982477
07-09-2018,775,775,764.200012,772.200012,745.677612,2059329
10-09-2018,774,776.599976,758.650024,766.25,739.931946,2820247
11-09-2018,772,773.799988,738.450012,747.200012,721.536255,3817364
12-09-2018,750,751.900024,728.599976,739.799988,714.390381,3934021
14-09-2018,739.900024,761.799988,721.549988,760.450012,734.331177,3591403
17-09-2018,759.5,772.75,755,767.549988,741.187317,2233000
18-09-2018,769.849976,769.849976,750,754.700012,728.778687,2206998
19-09-2018,757,772,751.200012,769.950012,743.504883,2025718
21-09-2018,765,769.349976,693,738.049988,712.700562,4434535
24-09-2018,740,764,737.549988,751.450012,725.640259,2811682
25-09-2018,751.450012,772.700012,745.099976,758.75,732.689575,2812964
26-09-2018,758.549988,768.150024,739.049988,748.849976,723.129578,3224771
27-09-2018,748.849976,758.950012,737.200012,746.049988,720.425781,3479414
28-09-2018,738,756,725,745.5,719.894653,2971384
01-10-2018,749,763.5,741.700012,759.549988,733.462097,2233369
03-10-2018,764,780.799988,744.400024,750.150024,724.384949,5236214
04-10-2018,742.549988,742.900024,713,719.849976,695.12561,6561009
05-10-2018,718,723.900024,695.5,714.5,689.959412,4769105
08-10-2018,714.5,719.400024,683.650024,694.900024,671.032593,2643927
09-10-2018,695,705,690.700012,696.099976,672.191345,2729413
10-10-2018,692.099976,714,691.049988,699.299988,675.281433,3409416
11-10-2018,680,702.049988,677.650024,695.450012,671.563721,3611423
12-10-2018,692.049988,702.549988,688,693.799988,669.970337,2727205
15-10-2018,693.5,709.400024,681.450012,694.549988,670.69458,4146878
16-10-2018,695,727.599976,694.549988,718.700012,694.015198,2889306
17-10-2018,721,735,717.599976,720.5,695.753296,3320857
19-10-2018,710,711.549988,688.400024,690.799988,667.073364,2049802
22-10-2018,688,690,664.650024,676.549988,653.312866,3293136
23-10-2018,676,683.900024,666,668.25,645.297913,1656193
24-10-2018,668,675,646,667.400024,644.477112,3180852
25-10-2018,660.75,666.150024,649.049988,651.400024,629.026672,2142283
26-10-2018,655.950012,656.900024,640.400024,653.299988,630.861389,1397821
29-10-2018,663,669.049988,644,664.25,641.435303,1942428
30-10-2018,658,692.450012,657.900024,685.099976,661.569153,3825436
31-10-2018,695,748.799988,672.450012,743.900024,718.349609,13010741
01-11-2018,747,747,714.099976,720.700012,695.946411,3999401
02-11-2018,721.599976,727.849976,687.5,690.900024,667.169983,4445407
05-11-2018,692,708.700012,690.099976,696.349976,672.4328,2782174
06-11-2018,696.349976,704.5,691.599976,694.549988,670.69458,1752227
07-11-2018,699,699,693,697.25,673.30188,111376
09-11-2018,704,711,696.200012,707.200012,682.910156,2573761
12-11-2018,707.200012,731.349976,693.099976,724.549988,699.664185,4696550
13-11-2018,719.950012,739.349976,718,728.049988,703.044006,4401141
14-11-2018,725,727.900024,692.099976,700.25,676.198792,3367710
15-11-2018,702,721.900024,697.349976,714.900024,690.345703,4485617
16-11-2018,714.700012,732.299988,711,728,702.995728,2874046
19-11-2018,730,734.75,724.25,732.549988,707.389404,2212804
20-11-2018,732.5,732.5,704.049988,709.700012,685.324219,2667937
21-11-2018,709.700012,709.799988,684.25,690.650024,666.928589,3108345
22-11-2018,702.700012,710,685.450012,690.799988,667.073364,4031353
26-11-2018,688,698.75,671,694.5,670.646301,2993915
27-11-2018,695.700012,708.299988,685.049988,694.150024,670.30835,2560757
28-11-2018,701,705.900024,692,697.5,673.543335,2767316
29-11-2018,706,706,685.25,687.5,663.88678,2351937
30-11-2018,688.799988,709.900024,686.950012,705.950012,681.703064,3292579
03-12-2018,706.799988,717.650024,703.700012,712.700012,688.221191,2410009
04-12-2018,712.700012,724.75,704.549988,723.549988,698.698547,2896702
05-12-2018,711.049988,739.900024,711.049988,726.849976,701.885193,4864922
06-12-2018,724,724,690.599976,696.400024,672.481079,3467903
07-12-2018,698,703.950012,685.150024,694.25,670.404907,2423892
10-12-2018,687,705,680.049988,687.900024,664.27301,2334813
11-12-2018,690,708.900024,685,695.299988,671.418823,3495336
12-12-2018,700,711.200012,690.549988,705.349976,681.123657,2355119
13-12-2018,706,713,697.099976,709.299988,684.937927,2593714
14-12-2018,709.150024,716.799988,705.099976,712.200012,687.738403,1982037
17-12-2018,712.5,722.5,711.5,719.75,695.029053,1435014
18-12-2018,715,716.549988,704.200012,709,684.648254,1905592
19-12-2018,709,714.049988,691.900024,709.450012,685.082825,2702676
20-12-2018,702,717,702,707.75,683.441284,1817880
21-12-2018,710,713.5,693,695.75,671.853394,2063928
24-12-2018,699,704.900024,690.599976,697.900024,673.929565,1472565
26-12-2018,695.900024,697.900024,686,693.549988,669.728943,1881689
27-12-2018,702,713.5,696.150024,708.900024,684.551697,3018106
28-12-2018,710,718.400024,710,714,689.476563,1863654
31-12-2018,720,726.450012,715.099976,723.150024,698.312317,1814655
01-01-2019,715,721.450012,715,719.099976,694.401367,815535
02-01-2019,719.150024,729.700012,709.25,712.049988,687.593506,2576769
03-01-2019,715.049988,716,685.25,691.25,667.507935,3558015
04-01-2019,694.450012,697.049988,672.5,681.099976,657.706543,3926171
07-01-2019,685,690.849976,682.549988,687.5,663.88678,1885000
08-01-2019,688,692.400024,685.200012,689.849976,666.156006,1300906
09-01-2019,694.200012,701.400024,684,693.700012,669.87384,2183998
10-01-2019,695,696.950012,689.150024,694.549988,670.69458,1454656
11-01-2019,694,701.25,687,699.200012,675.184875,1849817
14-01-2019,703,703.099976,676.900024,679.849976,656.499451,1558602
15-01-2019,682.950012,710.799988,682.049988,706.25,681.992737,2491520
16-01-2019,705,705,697,699.900024,675.86084,1922647
17-01-2019,699.5,709.099976,696,705.549988,681.316772,1434040
18-01-2019,705,714.200012,702.349976,709.150024,684.793152,1888004
21-01-2019,710.349976,721.400024,709,713.900024,689.380005,2586962
22-01-2019,714,720,701.799988,714.200012,689.669739,2839669
23-01-2019,714,725.900024,711,720.700012,695.946411,1965283
24-01-2019,724,730,716.5,727.75,702.754333,1849102
25-01-2019,732,735.200012,724,729.049988,704.009644,2528541
28-01-2019,732.200012,738,721.150024,735.150024,709.900146,1804582
29-01-2019,735.200012,742.400024,721.400024,731.5,706.375488,3100457
30-01-2019,732,733.400024,711.75,714.599976,690.055908,2139900
31-01-2019,718,736.700012,718,731.900024,706.76178,3253640
01-02-2019,732.950012,750.599976,728,746.599976,720.956848,2260029
04-02-2019,749,752.25,736.599976,749.150024,723.419312,1518373
05-02-2019,752,760,740.200012,751,725.205688,2446263
06-02-2019,784,814.5,774,811.349976,783.48291,14860848
07-02-2019,809,816.200012,798.099976,805,777.351013,4966655
08-02-2019,800,818,800,805.549988,777.882141,5242725
11-02-2019,809,813.900024,804,809.400024,781.599915,2541742
12-02-2019,809.900024,814.900024,796.450012,805.150024,777.495911,2416559
14-02-2019,805.799988,811.75,800.400024,805.900024,778.220154,2464657
15-02-2019,804.799988,804.799988,777.25,799.650024,772.184814,4312334
18-02-2019,815,822,800.5,803.450012,775.854248,3851335
19-02-2019,807,809,788.849976,791,763.831909,2372030
20-02-2019,794.049988,816.25,785.25,812.400024,784.496887,3340240
21-02-2019,814,840,809.099976,820.650024,792.463562,14193982
22-02-2019,824.900024,829.75,818.099976,826,797.629761,4789937
25-02-2019,830.200012,832.900024,822.5,830.650024,802.120056,2881535
26-02-2019,825,838.400024,820.599976,833.299988,804.678955,3319590
27-02-2019,836.400024,837.950012,820.599976,825.599976,797.243469,3703224
28-02-2019,833,838.400024,825,830.150024,801.637268,6409662
01-03-2019,831,836.5,829.099976,831.799988,803.23053,3820707
05-03-2019,822.5,824.700012,808.049988,810,782.179321,4927644
06-03-2019,812,829.700012,812,823.549988,795.263855,3999053
07-03-2019,823.549988,825.450012,806.25,808.25,780.48938,2306250
08-03-2019,810.200012,813.5,802.599976,811.349976,783.48291,1437045
11-03-2019,812,814.400024,803,807.150024,779.427185,2699806
12-03-2019,811,813.75,801.150024,804.700012,777.06134,2793702
13-03-2019,808.900024,816,788,789.950012,762.817993,4815576
14-03-2019,792.099976,795,775,788.450012,761.369507,3112666
15-03-2019,794,807.5,787,799.299988,771.846802,3854238
18-03-2019,804.950012,805.700012,782.25,788.599976,761.514282,3379301
19-03-2019,793.5,797.450012,783.25,794.650024,767.356506,2413153
20-03-2019,797,806.200012,787.299988,789.849976,762.721375,3331375
22-03-2019,794.5,798,783.200012,788.75,761.65918,2815749
25-03-2019,792,795.450012,786.400024,789.599976,762.47998,1861646
26-03-2019,790.200012,791.900024,768.150024,770.75,744.277344,3169827
27-03-2019,771,773,761.599976,764.950012,738.676636,3893738
28-03-2019,770,782,768.049988,771.700012,745.194763,3908706
01-04-2019,782.849976,794.799988,779,785.5,758.520752,3433947
02-04-2019,790.950012,794,785.049988,792.450012,765.232056,2596840
03-04-2019,792.450012,793.349976,776.25,777.700012,750.988708,1467406
04-04-2019,777.900024,781.75,767.25,774.5,747.89856,1751584
05-04-2019,779,787.099976,774.5,777.25,750.554138,1367411
08-04-2019,779.700012,790,773.400024,787.150024,760.114136,1368825
09-04-2019,790.349976,797.700012,787.299988,789.5,762.383423,2128462
10-04-2019,786.049988,798.950012,786,790.25,763.107666,2497013
11-04-2019,790.400024,795.75,778.599976,780.950012,754.127014,1854222
12-04-2019,779,786.349976,774.549988,785.349976,758.375916,3162714
15-04-2019,785.349976,799.400024,785,797.200012,769.81897,3317405
16-04-2019,799,804.700012,795.150024,798.099976,770.687988,1868910
18-04-2019,804,809,798.099976,800.349976,772.860718,6307643
22-04-2019,800.700012,810.799988,798.799988,805.349976,777.688965,1833972
23-04-2019,806.5,807.950012,800.049988,804.950012,777.302734,1214892
24-04-2019,807,820,806,818.75,790.628784,2710117
25-04-2019,820,827,813.450012,816.5,788.456055,5447101
26-04-2019,816.5,826.849976,816.5,823.25,794.974182,1996703
30-04-2019,825.950012,838,823.099976,836.099976,807.382813,2783771
02-05-2019,834.900024,846.5,829.099976,837,808.251953,3241791
03-05-2019,830,834.450012,813,817.400024,789.325134,2329144
06-05-2019,810,825.5,810,820.150024,791.980713,1247845
07-05-2019,822,824.299988,809.700012,814.650024,786.669617,1810222
08-05-2019,813,814.099976,799.599976,802.299988,774.743713,1270071
09-05-2019,801,814.75,799.200012,809.650024,781.84137,2024710
10-05-2019,810.400024,813.400024,800.400024,808.400024,780.634277,1429055
13-05-2019,811.599976,825.700012,809.200012,817.299988,789.228577,3719275
14-05-2019,818.799988,818.799988,786.599976,790.049988,762.91449,2701861
15-05-2019,791,798.400024,785.549988,790.299988,763.155945,1662095
16-05-2019,788.650024,794.75,781.349976,789.349976,762.238525,1233818
17-05-2019,793,793,776.549988,784.849976,757.893066,1608854
20-05-2019,790,790,763,779.349976,752.582031,3754370
21-05-2019,780,784.799988,768.099976,773.049988,746.498352,1669926
22-05-2019,758,767.349976,744.200012,749.950012,724.191772,5888740
23-05-2019,760,761.349976,740.549988,743.299988,717.770203,3764857
24-05-2019,749.900024,749.900024,732.049988,735.849976,710.57605,3591853
27-05-2019,737,738,719.5,726.049988,701.112671,3672605
28-05-2019,727,746.75,727,737.150024,711.831482,5583587
29-05-2019,736.950012,748.25,733.650024,738.849976,713.473083,2058402
30-05-2019,741.5,746,732.950012,735,709.75531,3367426
31-05-2019,740,763.799988,738.150024,760.349976,734.234558,5503111
03-06-2019,763.900024,763.900024,749,757.599976,731.579041,2826290
04-06-2019,756.299988,762.700012,746.799988,748.299988,722.598511,2332547
06-06-2019,748.299988,749.299988,733.900024,738,712.652283,3225967
07-06-2019,738.099976,752.700012,729.400024,750.75,724.964294,1569343
10-06-2019,755.450012,769.349976,754.049988,768.200012,741.815002,2539412
11-06-2019,770,770.75,759.25,762.099976,735.924438,2069998
12-06-2019,762,764.299988,743.299988,747.950012,722.260498,3056823
13-06-2019,744,752.700012,738.5,744.099976,718.542725,2385606
14-06-2019,744,746.650024,735.299988,740.25,714.824951,1348083
17-06-2019,740,743.150024,734.049988,736.549988,711.252075,1333739
18-06-2019,737.900024,744.400024,736.049988,741.549988,716.080261,1645116
19-06-2019,742,744.299988,729.549988,735.599976,710.334656,1945921
20-06-2019,722,731,717.849976,725.549988,700.629883,4139025
21-06-2019,729,744,726.5,740.450012,715.018066,7280809
24-06-2019,738,738,727,728.25,703.237122,1242655
25-06-2019,727,728.150024,720,724.349976,699.471069,1451025
26-06-2019,721.299988,730.849976,716.400024,718.099976,693.43573,2781711
27-06-2019,715.5,719,691.650024,701.950012,677.840454,8567309
28-06-2019,706.900024,715,704.099976,706.599976,682.33075,3421172
01-07-2019,709.700012,711.200012,702.349976,704.650024,680.447754,2073961
02-07-2019,702.049988,713,700.25,711.650024,687.207275,2432132
03-07-2019,713,713.450012,698.5,701.099976,677.019592,2040614
04-07-2019,701.400024,706.75,697,700.599976,676.536743,2838357
05-07-2019,700.5,703,678.299988,681.099976,657.706543,2813644
08-07-2019,680,685.75,665.5,680.349976,656.9823,2293102
09-07-2019,681,684,668.599976,675.900024,652.685242,2180104
10-07-2019,671.049988,684.799988,668,674.849976,651.671204,2468773
11-07-2019,676.700012,676.700012,658.400024,665.700012,642.83551,3449721
12-07-2019,665,672.900024,663,665.799988,642.932068,1792810
15-07-2019,675,680.700012,665.849976,677.900024,654.616455,1883164
16-07-2019,680,681.599976,670.5,675.950012,652.733459,2015642
17-07-2019,675.950012,695.5,673.049988,690.799988,667.073364,3271680
18-07-2019,687.349976,694.25,680.099976,687.200012,663.597107,2984256
19-07-2019,687.200012,691.5,664.400024,675.049988,651.86438,2005513
22-07-2019,671,679,670,671.950012,648.87085,1286218
23-07-2019,673.25,675.549988,665.75,671.200012,648.146606,1462269
24-07-2019,670.349976,679.799988,651.450012,660.450012,637.765808,3060459
25-07-2019,647.799988,657.650024,641.5,652.5,643.734558,2751865
26-07-2019,649.700012,651,641.049988,643.5,634.855469,1637706
29-07-2019,641,654.650024,641,646.299988,637.617859,2524484
30-07-2019,645,650.299988,633.150024,640.25,631.649109,2882913
31-07-2019,629,639.799988,607.150024,636.25,627.70282,9651731
01-08-2019,632.049988,633.450012,619,625.650024,617.2453,3982949
02-08-2019,625,639.099976,618.400024,636.150024,627.604187,2172845
05-08-2019,631.150024,651.049988,625.299988,648.049988,639.344299,3140140
06-08-2019,650.099976,679.849976,650.099976,670.599976,661.59137,7226321
07-08-2019,671.799988,678.5,670.299988,674.450012,665.389709,3239880
08-08-2019,674,683.900024,665,680.200012,671.062439,2708834
09-08-2019,679,680.75,659.75,663.349976,654.438782,3743407
13-08-2019,661.099976,662.5,636,639.150024,630.563904,2716622
14-08-2019,639.049988,662.5,638.900024,659.099976,650.24585,2627043
16-08-2019,656.900024,661,646.150024,659,650.147217,3067796
19-08-2019,662,674.400024,661.5,670.349976,661.344727,2871173
20-08-2019,674,680,664.650024,668.900024,659.914246,3913608
21-08-2019,670,675,669.299988,672.799988,663.761841,2106655
22-08-2019,672.650024,684,668.099976,682.75,673.578186,3353812
23-08-2019,684.25,694.400024,679.400024,683.849976,674.663391,7015461
26-08-2019,689.799988,693,670.200012,691.150024,681.865356,1767289
27-08-2019,689.849976,689.849976,673.200012,676.349976,667.26416,3160545
28-08-2019,676,693.450012,676,690.200012,680.928101,2749273
29-08-2019,684.150024,694,681,691.150024,681.865356,2789979
30-08-2019,693,700.700012,675.849976,693.650024,684.331787,3067856
03-09-2019,698,716.900024,698,704.5,695.036011,5044667
04-09-2019,705,709.75,692.200012,703.25,693.802795,2027768
05-09-2019,710,710,691.049988,695.450012,686.107605,2019839
06-09-2019,716.349976,734.450012,716.349976,721.75,712.05426,10663234
09-09-2019,723,723,710,712.900024,703.323181,1754023
11-09-2019,718,723.25,701.25,703.700012,694.246765,2702792
12-09-2019,701.099976,709.200012,694,705.549988,696.071899,3282740
13-09-2019,705.25,711.299988,701,709.5,699.968811,1073430
16-09-2019,710.099976,723.25,710.099976,719.450012,709.785156,2500556
17-09-2019,719.900024,719.900024,699.150024,705.950012,696.466553,2948429
18-09-2019,710,718.099976,701.900024,716.75,707.12146,1666369
19-09-2019,715.700012,715.700012,700,703.349976,693.901428,1570183
20-09-2019,701.299988,716.200012,696.049988,700.849976,691.434998,3394351
23-09-2019,703,704.950012,675.099976,682.799988,673.627502,2256769
24-09-2019,686.049988,705.900024,683.700012,703.849976,694.394714,3128057
25-09-2019,704.049988,709.950012,698,705.900024,696.417236,3512690
26-09-2019,705.450012,716,701.799988,713.700012,704.112427,3300104
27-09-2019,710,718.650024,702.049988,704.299988,694.838684,2434719
30-09-2019,704.5,716.599976,696.200012,714.5,704.901672,2136186
01-10-2019,715,715,700,704.950012,695.47998,1709480
03-10-2019,705.25,717.75,692.549988,702.5,693.062866,2111319
04-10-2019,705,713.799988,702.549988,708.150024,698.637024,2273166
07-10-2019,708.150024,716.799988,700.700012,704.799988,695.33197,2578403
09-10-2019,702.799988,713.900024,701.849976,711.049988,701.497986,1115851
10-10-2019,708.049988,718.849976,703.5,711.299988,701.744629,1507268
11-10-2019,701.299988,723.900024,697.5,721.450012,711.758301,3785425
14-10-2019,721,728.650024,717.450012,720.75,711.067688,1871571
15-10-2019,724,729,719,720.5,710.821045,1482881
16-10-2019,720.099976,729.75,717.700012,727.700012,717.924377,2114943
17-10-2019,725,731,715.950012,724.349976,714.619324,2177984
18-10-2019,724.450012,737.75,722.700012,734.200012,724.337036,2907649
22-10-2019,727.400024,732,714.299988,717.650024,708.009399,2825230
23-10-2019,717.650024,734.400024,716.349976,726.599976,716.839111,2143330
24-10-2019,730,745,724.400024,726.349976,716.592468,2888332
25-10-2019,730.900024,730.900024,701.200012,720.950012,711.265015,2785014
27-10-2019,null,null,null,null,null,null
29-10-2019,728,763,725.099976,754.75,744.610962,3292048
30-10-2019,762,764.799988,745.549988,754.400024,744.265686,2232609
31-10-2019,754.950012,759.349976,736.599976,739,729.072571,4178139
01-11-2019,740.900024,764,740,760.450012,750.234375,4136257
04-11-2019,760.450012,777.599976,753.450012,769.5,759.162842,4936914
05-11-2019,772,775.549988,764.799988,773.25,762.862427,3303839
06-11-2019,784,784,767.599976,771.900024,761.530579,9486591
07-11-2019,775,775,765.049988,769.700012,759.360168,2060900
08-11-2019,772,777.849976,770.299988,771.349976,760.987915,2368591
11-11-2019,769.950012,774.5,768.049988,770.400024,760.050781,1345883
13-11-2019,768,773.799988,746,757.049988,746.880066,2434874
14-11-2019,756,763.5,748.299988,758.349976,748.162598,2564424
15-11-2019,758.349976,763.25,749.299988,751.950012,741.848572,1787358
18-11-2019,752,758.299988,747.5,751.799988,741.700562,2216434
19-11-2019,754,766,752,763.150024,752.898132,2725437
20-11-2019,764.900024,773,755.950012,771.400024,761.037292,2343750
21-11-2019,775,780,762.799988,765.150024,754.871277,2102137
22-11-2019,765,765,742.799988,754.200012,744.068359,1819912
25-11-2019,754.200012,765.700012,750.849976,763.549988,753.292725,1837243
26-11-2019,766,767.849976,756.299988,763.599976,753.342041,2968850
27-11-2019,762.849976,769.549988,757.349976,767.549988,757.239014,1369944
28-11-2019,765.150024,772.099976,762,766.25,755.956482,1096867
29-11-2019,766,772.349976,758.400024,761.450012,751.220947,1236902
02-12-2019,758.099976,759.900024,732.299988,748.450012,738.39563,4333335
03-12-2019,748.049988,756.700012,743.299988,746.25,736.225159,1838085
04-12-2019,746.900024,761.5,743.549988,758.799988,748.606567,1870954
05-12-2019,755,766.75,752.099976,764.900024,754.624634,2475102
06-12-2019,763.200012,771.349976,755.549988,757.5,747.324036,1092422
09-12-2019,759.450012,759.450012,746.5,750.349976,740.27002,1435556
10-12-2019,749.950012,749.950012,737.299988,744.950012,734.942627,1582428
11-12-2019,741,760,741,757.950012,747.768005,1644499
12-12-2019,761,766,752.5,756.450012,746.288147,1184008
13-12-2019,758.950012,763.950012,748.25,761.849976,751.61554,2019424
16-12-2019,762.700012,784,759,773.299988,762.911743,5810893
17-12-2019,775.549988,782,772.599976,777.349976,766.907349,2421510
18-12-2019,780.099976,794,780.099976,786.650024,776.082458,5676894
19-12-2019,790,790,778.099976,782.75,772.234802,2099931
20-12-2019,784.049988,787.700012,778,783.349976,772.826721,2092547
23-12-2019,778.599976,787.400024,774.950012,775.950012,765.526184,1887292
24-12-2019,776,777.950012,767.599976,772.049988,761.678528,1413973
26-12-2019,771,779.049988,768.049988,770.400024,760.050781,1276520
27-12-2019,771,781.400024,769.099976,780.200012,769.719116,1363474
30-12-2019,782.700012,784.849976,779.099976,782.700012,772.185486,1055528
31-12-2019,780.049988,780.950012,760,762.299988,752.059509,3004887
01-01-2020,766,766.799988,760.349976,762.099976,751.862183,746371
02-01-2020,762.099976,769.150024,761,766.049988,755.759155,1133488
03-01-2020,766,779.900024,763.549988,775.099976,764.687561,2121704
06-01-2020,774.849976,778.799988,768.150024,770.400024,760.050781,1734439
07-01-2020,770,778.5,760.599976,777.099976,766.660706,1937143
08-01-2020,770.099976,784.900024,767.099976,769.799988,759.458801,2596664
09-01-2020,770.5,776.450012,762.200012,773.650024,763.25708,1678891
10-01-2020,779,781.900024,772.450012,776.25,765.822144,1105725
13-01-2020,779.900024,788.700012,775.049988,785.849976,775.293152,1393509
14-01-2020,785.849976,797.799988,783.700012,796.25,785.553467,1628535
15-01-2020,796.150024,803.650024,788.5,795.150024,784.468262,1759644
16-01-2020,793,795.700012,781.099976,782.849976,772.333435,1110008
17-01-2020,783.5,786.75,775.5,778.450012,767.992615,989312
20-01-2020,778.5,785.450012,774.549988,778.200012,767.745972,1620105
21-01-2020,777.25,783.400024,775,778.900024,768.436584,976954
22-01-2020,780,790.450012,776.200012,778.75,768.288574,1192201
23-01-2020,777.25,780.450012,766.900024,768.950012,758.620239,2018777
24-01-2020,765.099976,788.75,763.299988,787.299988,776.723694,2364265
27-01-2020,786,796.25,779.650024,791.5,780.867249,1175606
28-01-2020,792.5,795.75,784.599976,794.25,783.580322,1506685
29-01-2020,796.900024,807.200012,793.549988,804.150024,793.347351,2565136
30-01-2020,805.599976,807.950012,784,791.349976,780.719238,2493688
31-01-2020,796.849976,802.5,783,796.599976,785.898743,3081521
03-02-2020,808,818.700012,790.5,793.150024,782.495117,3383074
04-02-2020,794.299988,813,794.299988,811.099976,800.203979,1779834
05-02-2020,810,816,807,814.049988,803.114319,1613898
06-02-2020,812.700012,825.950012,810.049988,817.700012,806.715332,1553656
07-02-2020,817.700012,825.450012,814.25,824.450012,813.374634,1397438
10-02-2020,827,827.099976,811.5,813.650024,802.719727,1098971
11-02-2020,813,821.849976,811.049988,819.950012,808.93512,1143705
12-02-2020,820,826.450012,816.799988,821.5,810.464294,1394424
13-02-2020,822.799988,830,814.349976,828,816.876953,1737974
14-02-2020,827,838,825.049988,834.150024,822.944336,2143044
17-02-2020,835.950012,837,827.450012,833.25,822.056396,793328
18-02-2020,825.349976,840,825.349976,838.799988,827.53186,1507814
19-02-2020,839,844.849976,836.049988,840.900024,829.603699,881874
20-02-2020,840.150024,845.900024,826.950012,829.599976,818.455444,1066232
24-02-2020,828.950012,843.900024,815.75,820.099976,809.083069,2917544
25-02-2020,822,826.799988,809.049988,822.099976,811.056213,2479975
26-02-2020,820,825.5,808.200012,811.450012,800.549316,2212784
27-02-2020,807,819.700012,800.200012,809.150024,798.280212,1907768
28-02-2020,789.799988,808,732.049988,744.400024,734.400024,5959364
02-03-2020,742,754.450012,734.400024,744.549988,744.549988,3784522
03-03-2020,750,757.650024,742.099976,752.299988,752.299988,2168900
04-03-2020,754,774.849976,748,771.299988,771.299988,2685540
05-03-2020,769.950012,784,752.349976,756.099976,756.099976,2126955
06-03-2020,746.099976,749.75,731.400024,740.400024,740.400024,2004893
09-03-2020,715,730,696.549988,704.799988,704.799988,3429034
11-03-2020,681,713.900024,666,708.549988,708.549988,4626185
12-03-2020,676,690,637.099976,649.849976,649.849976,3796919
13-03-2020,603.25,670,525.900024,655.950012,655.950012,4553639
16-03-2020,634.799988,634.799988,591,603.400024,603.400024,6499354
17-03-2020,600,617.950012,583.299988,595.450012,595.450012,3333465
18-03-2020,600,611.25,570.650024,579.650024,579.650024,3548257
19-03-2020,549.650024,577.650024,523,530,530,4931298
20-03-2020,525.099976,595.450012,525.099976,576.349976,576.349976,6315992
23-03-2020,540,542,471.399994,487.200012,487.200012,2912669
24-03-2020,487,533.950012,487,503.5,503.5,4082147
25-03-2020,509,542.849976,507.049988,526.700012,526.700012,3664272
26-03-2020,539.349976,564.900024,513,515.200012,515.200012,5979874
27-03-2020,525,538.799988,498,504.100006,504.100006,4672139
30-03-2020,494,532.349976,485.649994,526.799988,526.799988,4138337
31-03-2020,537,575.25,527.849976,565.5,565.5,3652911
01-04-2020,560,560.299988,510,511.200012,511.200012,4114437
03-04-2020,513.75,533.150024,510.100006,520.900024,520.900024,5826085
07-04-2020,536.5,557.650024,535.75,549.849976,549.849976,3531972
08-04-2020,539.950012,569.799988,537,558.900024,558.900024,4113059
09-04-2020,570,582.700012,537.549988,545.25,545.25,5917001
13-04-2020,551,551,521.75,526.849976,526.849976,3822640
15-04-2020,528,548.599976,528,538.650024,538.650024,6316254
16-04-2020,527,530,508.350006,517.650024,517.650024,7001494
17-04-2020,529.099976,532,500,509.850006,509.850006,10839705
20-04-2020,517.950012,531.900024,512,524.849976,524.849976,4549088
21-04-2020,511,520,505.899994,512.950012,512.950012,2950307
22-04-2020,512,521.900024,507.049988,518.299988,518.299988,2268496
23-04-2020,519,527.849976,509.299988,523.700012,523.700012,6094748
24-04-2020,522,532.599976,502.100006,503.450012,503.450012,4817852
27-04-2020,511.700012,519,506.5,511.700012,511.700012,4032316
28-04-2020,518,528.5,515.549988,520.400024,520.400024,4972775
29-04-2020,525.950012,536.900024,522.099976,528.700012,528.700012,6361689
30-04-2020,541,552.900024,532.349976,546.25,546.25,8931956
04-05-2020,515,519.75,498,502.450012,502.450012,14814506
05-05-2020,506,514,498.200012,499.950012,499.950012,5717678
06-05-2020,503.75,509.100006,490,506.850006,506.850006,3781531
07-05-2020,508,525.849976,506.350006,516.349976,516.349976,6799899
08-05-2020,526.900024,538.599976,519.200012,536.200012,536.200012,6016020
11-05-2020,541.5,543.799988,527.200012,530.200012,530.200012,4272574
12-05-2020,525,539.5,525,533.25,533.25,5691969
13-05-2020,542,549.75,531.400024,544.75,544.75,3296409
14-05-2020,532.400024,535,513.950012,515.700012,515.700012,6148398
15-05-2020,520,520,507.399994,510.549988,510.549988,3628530
18-05-2020,511.5,515,501.5,504.049988,504.049988,3283979
19-05-2020,510,519.700012,503.299988,512.599976,512.599976,3041594
20-05-2020,515,524.799988,510.700012,519.200012,519.200012,2772920
21-05-2020,519.950012,521.5,510.049988,520.049988,520.049988,2540109
22-05-2020,517.099976,531,515.099976,529.650024,529.650024,4254552
26-05-2020,533,540.75,518.849976,520.450012,520.450012,2719781
27-05-2020,521.650024,526,512.049988,523.75,523.75,2265885
28-05-2020,528,531.849976,517.150024,529.700012,529.700012,3387672
29-05-2020,529.900024,535.650024,524.450012,530.450012,530.450012,4081245
01-06-2020,538.5,554.799988,537.049988,543.549988,543.549988,4913055
02-06-2020,543.599976,548.349976,538,547.5,547.5,3878973
03-06-2020,554,565.5,550,553.25,553.25,4942023
04-06-2020,557,585,555.650024,582.099976,582.099976,10915145
05-06-2020,588,593.549988,575,579.849976,579.849976,6207096
08-06-2020,585.799988,599.450012,580.099976,590,590,4791151
09-06-2020,594,605.349976,585,586.200012,586.200012,5665593
10-06-2020,591.5,596.900024,582.5,590.5,590.5,3438670
11-06-2020,591,591,564.75,571.849976,571.849976,3378322
12-06-2020,550,561.900024,550,554.700012,554.700012,3603893
15-06-2020,557,560.5,543.400024,548.799988,548.799988,3944724
16-06-2020,556.950012,556.950012,531.150024,533.299988,533.299988,4262594
17-06-2020,531,545,528.400024,535.549988,535.549988,6139224
18-06-2020,535.049988,540,531,535.900024,535.900024,2658663
19-06-2020,538.5,542.950012,531.900024,538.849976,538.849976,5570067
22-06-2020,541.900024,553.25,538.299988,548.5,548.5,4352621
23-06-2020,548,560.099976,544.549988,558.799988,558.799988,4438315
